﻿{"cameraMode":{"drawMode":0,"name":"Shaded","section":"Shading Mode"},"sceneLighting":true,"audioPlay":false,"sceneViewState":{"showFog":false,"showMaterialUpdate":false,"showSkybox":false,"showFlares":false,"showImageEffects":false,"showParticleSystems":false},"in2DMode":false,"pivot":{"x":4.476609230041504,"y":13.50766372680664,"z":4.737733364105225},"rotation":{"x":-0.26962044835090639,"y":0.0028887030202895405,"z":-0.0008088225731626153,"w":-0.9629620313644409},"size":37.80693817138672,"orthographic":false}