﻿{"cameraMode":{"drawMode":0,"name":"Shaded","section":"Shading Mode"},"sceneLighting":true,"audioPlay":false,"sceneViewState":{"showFog":true,"showMaterialUpdate":false,"showSkybox":true,"showFlares":true,"showImageEffects":true,"showParticleSystems":true},"in2DMode":false,"pivot":{"x":-1833.2705078125,"y":-750.1749267578125,"z":1064.434814453125},"rotation":{"x":0.16702042520046235,"y":-0.44443488121032717,"z":0.08473556488752365,"w":0.8760152459144592},"size":2967.154296875,"orthographic":false}