﻿{"cameraMode":{"drawMode":0,"name":"Shaded","section":"Shading Mode"},"sceneLighting":true,"audioPlay":false,"sceneViewState":{"showFog":false,"showMaterialUpdate":false,"showSkybox":false,"showFlares":false,"showImageEffects":false,"showParticleSystems":false},"in2DMode":false,"pivot":{"x":-0.5800455212593079,"y":4.684274673461914,"z":-15.11336612701416},"rotation":{"x":-0.46630653738975527,"y":0.02918284758925438,"z":-0.015393705107271672,"w":-0.8840077519416809},"size":26.56279182434082,"orthographic":false}