﻿{"cameraMode":{"drawMode":0,"name":"Shaded","section":"Shading Mode"},"sceneLighting":true,"audioPlay":false,"sceneViewState":{"showFog":false,"showMaterialUpdate":false,"showSkybox":false,"showFlares":false,"showImageEffects":false,"showParticleSystems":false},"in2DMode":false,"pivot":{"x":3.9629335403442385,"y":7.570696830749512,"z":-28.952274322509767},"rotation":{"x":-0.1499851644039154,"y":0.2577753961086273,"z":-0.0405423641204834,"w":-0.9536313414573669},"size":22.169925689697267,"orthographic":false}