﻿{"cameraMode":{"drawMode":0,"name":"Shaded","section":"Shading Mode"},"sceneLighting":true,"audioPlay":false,"sceneViewState":{"showFog":false,"showMaterialUpdate":false,"showSkybox":false,"showFlares":false,"showImageEffects":false,"showParticleSystems":false},"in2DMode":false,"pivot":{"x":16.700000762939454,"y":4.219020366668701,"z":13.540769577026368},"rotation":{"x":-0.22037337720394135,"y":-0.6253930926322937,"z":0.19037774205207826,"w":-0.7239305377006531},"size":22.0,"orthographic":false}