﻿{"cameraMode":{"drawMode":0,"name":"Shaded","section":"Shading Mode"},"sceneLighting":true,"audioPlay":false,"sceneViewState":{"showFog":false,"showMaterialUpdate":false,"showSkybox":false,"showFlares":false,"showImageEffects":false,"showParticleSystems":false},"in2DMode":false,"pivot":{"x":3.614999294281006,"y":1.4049999713897706,"z":23.760000228881837},"rotation":{"x":0.4138636291027069,"y":-0.027303403243422509,"z":0.01242015976458788,"w":0.9098446369171143},"size":51.96117401123047,"orthographic":false}