﻿{"cameraMode":{"drawMode":0,"name":"Shaded","section":"Shading Mode"},"sceneLighting":true,"audioPlay":false,"sceneViewState":{"showFog":false,"showMaterialUpdate":false,"showSkybox":false,"showFlares":false,"showImageEffects":false,"showParticleSystems":false},"in2DMode":false,"pivot":{"x":24.055274963378908,"y":36.4307746887207,"z":-27.312198638916017},"rotation":{"x":0.4435780942440033,"y":-0.06255784630775452,"z":0.03105713427066803,"w":0.8935102224349976},"size":19.424880981445314,"orthographic":false}