﻿{"cameraMode":{"drawMode":0,"name":"Shaded","section":"Shading Mode"},"sceneLighting":true,"audioPlay":false,"sceneViewState":{"showFog":false,"showMaterialUpdate":false,"showSkybox":false,"showFlares":false,"showImageEffects":false,"showParticleSystems":false},"in2DMode":false,"pivot":{"x":-8.388574600219727,"y":1.7930816411972047,"z":-242.74038696289063},"rotation":{"x":0.056890662759542468,"y":-0.05239066109061241,"z":0.002989507047459483,"w":0.9970003962516785},"size":15.015421867370606,"orthographic":false}