﻿{"cameraMode":{"drawMode":0,"name":"Shaded","section":"Shading Mode"},"sceneLighting":true,"audioPlay":false,"sceneViewState":{"showFog":false,"showMaterialUpdate":false,"showSkybox":false,"showFlares":false,"showImageEffects":false,"showParticleSystems":false},"in2DMode":false,"pivot":{"x":3.724639892578125,"y":398.4421081542969,"z":275.34967041015627},"rotation":{"x":0.1731075793504715,"y":-0.013295748271048069,"z":0.002337094396352768,"w":0.984810471534729},"size":1323.685546875,"orthographic":false}