﻿{"cameraMode":{"drawMode":0,"name":"Shaded","section":"Shading Mode"},"sceneLighting":true,"audioPlay":false,"sceneViewState":{"showFog":false,"showMaterialUpdate":false,"showSkybox":false,"showFlares":false,"showImageEffects":false,"showParticleSystems":false},"in2DMode":false,"pivot":{"x":-12.340042114257813,"y":0.019621646031737329,"z":-244.07998657226563},"rotation":{"x":0.06145419180393219,"y":-0.014970943331718445,"z":0.000921902188565582,"w":0.9979972243309021},"size":22.0,"orthographic":false}