﻿{"cameraMode":{"drawMode":0,"name":"Shaded","section":"Shading Mode"},"sceneLighting":true,"audioPlay":false,"sceneViewState":{"showFog":false,"showMaterialUpdate":false,"showSkybox":false,"showFlares":false,"showImageEffects":false,"showParticleSystems":false},"in2DMode":false,"pivot":{"x":-7.5319037437438969,"y":-6.3828125,"z":-15.86884880065918},"rotation":{"x":-0.05846468359231949,"y":0.008984454907476902,"z":-0.0005261677433736622,"w":-0.9982489347457886},"size":22.0,"orthographic":true}