﻿{"cameraMode":{"drawMode":0,"name":"Shaded","section":"Shading Mode"},"sceneLighting":true,"audioPlay":false,"sceneViewState":{"showFog":false,"showMaterialUpdate":false,"showSkybox":false,"showFlares":false,"showImageEffects":false,"showParticleSystems":false},"in2DMode":false,"pivot":{"x":-8.610044479370118,"y":10.930514335632325,"z":-244.08648681640626},"rotation":{"x":0.1731075793504715,"y":-0.013295748271048069,"z":0.002337094396352768,"w":0.984810471534729},"size":56.62977600097656,"orthographic":false}