﻿{"cameraMode":{"drawMode":0,"name":"Shaded","section":"Shading Mode"},"sceneLighting":true,"audioPlay":false,"sceneViewState":{"showFog":false,"showMaterialUpdate":false,"showSkybox":false,"showFlares":false,"showImageEffects":false,"showParticleSystems":false},"in2DMode":false,"pivot":{"x":-24.102209091186525,"y":11.671148300170899,"z":3.450368881225586},"rotation":{"x":-0.1876116842031479,"y":0.4615638256072998,"z":-0.10055234283208847,"w":-0.8611910343170166},"size":51.91532516479492,"orthographic":false}