﻿{"cameraMode":{"drawMode":0,"name":"Shaded","section":"Shading Mode"},"sceneLighting":true,"audioPlay":false,"sceneViewState":{"showFog":false,"showMaterialUpdate":false,"showSkybox":false,"showFlares":false,"showImageEffects":false,"showParticleSystems":false},"in2DMode":false,"pivot":{"x":1.0343451499938965,"y":2.0187454223632814,"z":14.945850372314454},"rotation":{"x":-0.30152732133865359,"y":-0.005428401753306389,"z":0.0017171025974676014,"w":-0.9534405469894409},"size":42.69213104248047,"orthographic":false}