﻿{"cameraMode":{"drawMode":0,"name":"Shaded","section":"Shading Mode"},"sceneLighting":true,"audioPlay":false,"sceneViewState":{"showFog":false,"showMaterialUpdate":false,"showSkybox":false,"showFlares":false,"showImageEffects":false,"showParticleSystems":false},"in2DMode":false,"pivot":{"x":-12.00500774383545,"y":-7.275913238525391,"z":33.29170227050781},"rotation":{"x":0.2900756001472473,"y":-0.004311346914619207,"z":0.001306914258748293,"w":0.9569931626319885},"size":80.84040832519531,"orthographic":false}