﻿{"cameraMode":{"drawMode":0,"name":"Shaded","section":"Shading Mode"},"sceneLighting":true,"audioPlay":false,"sceneViewState":{"showFog":false,"showMaterialUpdate":false,"showSkybox":false,"showFlares":false,"showImageEffects":false,"showParticleSystems":false},"in2DMode":false,"pivot":{"x":168.3387451171875,"y":73.61012268066406,"z":141.650146484375},"rotation":{"x":0.10717996954917908,"y":0.014912763610482216,"z":-0.0016078581102192402,"w":0.994126558303833},"size":687.4633178710938,"orthographic":false}