﻿{"cameraMode":{"drawMode":0,"name":"Shaded","section":"Shading Mode"},"sceneLighting":true,"audioPlay":false,"sceneViewState":{"showFog":false,"showMaterialUpdate":false,"showSkybox":false,"showFlares":false,"showImageEffects":false,"showParticleSystems":false},"in2DMode":false,"pivot":{"x":16.700000762939454,"y":4.219020366668701,"z":13.540769577026368},"rotation":{"x":-0.16573163866996766,"y":0.0008855778141878545,"z":-0.00014888154692016542,"w":-0.9861705303192139},"size":22.0,"orthographic":false}